{"_wandb":{"runtime":7279},"_timestamp":1.734804460796302e+09,"_runtime":7277.489856328,"_step":6399,"loss_g":-0.02781086042523384,"loss_d":-0.02279650606215}