{"_runtime":114.848286576,"_step":99,"loss_g":-0.01049192063510418,"_timestamp":1.734796642707856e+09,"loss_d":-6.464589387178421e-05,"_wandb":{"runtime":117}}